Severity,Status,Category,Issues,Explanation,Affected Area,Evidence,Potential Impact,Recommended Remediation
Critical,Open,Java heap retention,Controller caches use TTL checks but never evict expired keys,"The system temporarily remembers authorization, beneficiary, facility and eligibility information, but old entries are not properly removed.",VirtualClaimsRestController,"preauthStatusCache, whitelistStatusCache, facilityInfoCache, and eligibilityCache are ConcurrentHashMaps; expiry is checked on lookup but expired entries are not removed globally","Heap grows with unique authorization, beneficiary, facility, and eligibility keys over JVM lifetime",Replace maps with bounded expiring caches such as Caffeine maximumSize plus expireAfterWrite or add scheduled eviction and size limits
Critical,Open,Java heap retention,Intervention catalog caches retain expired keys,Similar issue with intervention/patient information: expired information can remain in memory unless exactly the same information is requested again.,InterventionDocTypeCatalog,cache and discoveryCache are ConcurrentHashMaps; expired entries are overwritten only when the same key is requested again and no global eviction exists,"Unique patient, sub-benefit, and intervention combinations accumulate indefinitely","Use bounded expiring caches; add maximum key count, eviction metrics, and immutable values"
High,Open,Java heap retention,Per-key idempotency locks remain after release,"The system uses locks to prevent the same claim operation from happening twice, but some used locks remain stored afterwards.",IdempotencyServiceImpl,release unlocks ReentrantLock but does not remove it from locks; the entire map is cleared only when purgeExpired executes successfully,Unique idempotency keys accumulate between purge runs and indefinitely if the scheduler is disabled or repeatedly fails,Remove idle locks safely after unlock or use a bounded keyed-lock implementation; retain database expiry cleanup
Medium,Open,Classloader and thread-local retention,Static ThreadLocal formatter caches are defined but never cleared,,ValuatedClaimItem; ValuatedClaimForm; ClaimFormServiceImpl; InsurancePolicyServiceImpl,Each holder exposes clearThreadLocal but no production call sites invoke it,Container worker threads can retain module classes and formatter maps across module reload; per-thread maps persist for thread lifetime,Prefer DateTimeFormatter; otherwise remove ThreadLocal values after request work and during module shutdown
Critical,Open,Unbounded database loading,REST collection paging occurs after loading all claims,"A user may ask for 20 claims, but KenyaEMR first retrieves all claims and only afterwards chooses the 20 to display.",ClaimResource,doGetAll calls getAllInsuranceClaims and then wraps the complete list in NeedsPaging,"Every request loads all claim entities before returning one page; heap, query time, and Hibernate-session size grow with total claims",Implement DAO-level offset/limit pagination and a separate count query
Critical,Open,Unbounded database loading,Custom get-all-claims endpoint returns every claim,Another endpoint retrieves every claim and prepares all of them for transmission to the browser.,InsuranceClaimResourceController,"getAllClaims calls insuranceClaimService.getAll(false), builds a second list of response maps, and returns it without pagination","Large heap allocations, oversized JSON, long GC pauses, slow responses, and possible OutOfMemoryError",Require pagination and filters; return lightweight projections and enforce maximum page size
High,Open,Full-table scans,Claim lookups scan all insurance claims in application memory,"To find one claim, visit or authorization, some code first retrieves all claims and searches through them one by one.",InsuranceClaimServiceImpl; VirtualClaimsIntegrationServiceImpl; VirtualClaimsRestController,"Visit UUID, authorization code, consent token, and claim code paths call getAllInsuranceClaims and iterate until a match is found",Database and heap cost grows with total claim count; repeated endpoints create severe latency,"Add indexed DAO finder methods for visit UUID, authorization code, consent token, claim code, voided state, and workflow state"
High,Open,Repeated full scans,Virtual claim endpoints repeatedly scan all claims,Several virtual-claims operations repeat that same “retrieve everything then search” behaviour.,VirtualClaimsRestController,Several request paths around claim interventions and printable claim lookup call getAllInsuranceClaims for individual lookups,Repeated full entity loading and lazy association access under normal request traffic,Replace every full scan with parameterized database queries returning at most the required rows
High,Open,HTTP client lifecycle,OkHttp clients are repeatedly constructed across request paths,"When communicating with external systems, the module sometimes builds a new communication channel for each request instead of reusing one.",InsuranceClaimResourceController; GeneralUtil; DataHandler; KenyaemrCoreRestController,Many methods call new OkHttpClient or newBuilder for individual requests,Lost connection reuse; repeated TLS and pool initialization; avoidable allocation and thread-pool overhead,"Inject one managed OkHttpClient with pooled connections, explicit timeouts, idle eviction, and shutdown cleanup"
High,Requires path-by-path validation,HTTP resource leak,External HTTP responses and URL connections are not uniformly closed,Some communication paths may open connections without reliably closing them afterwards.,InsuranceClaimResourceController; GeneralUtil; ExternalApiRequestImpl; PHC and checkout integrations,"The module mixes try-with-resources with raw OkHttp Response, Apache HttpResponse, HttpURLConnection, InputStream, and ByteArrayOutputStream paths","Socket, response-body, connection, and native-resource leakage under repeated external calls",Wrap all responses and streams in try-with-resources; disconnect URL connections in finally; add automated resource-lifecycle tests
High,Open,Unbounded response buffering,External response bodies are copied fully into memory,Responses from another system are sometimes completely downloaded into memory before being processed.,PhcAutomatedRestController; SubmitVirtualClaimOnCheckout; FHIR message converters,Input streams are converted into strings or ByteArrayOutputStream without an explicit maximum response size,Large or malicious upstream responses can exhaust heap and increase GC latency,Enforce response-size limits; stream parsable content; reject bodies above configured limits
High,Open,Large object storage,Attachment blobs are loaded and written as complete byte arrays,Claim attachments are handled as one big block rather than being transferred gradually.,VirtualClaimsRestController,getFileBlob is materialized and written directly; length and content use the full byte array,Large attachments and concurrent downloads consume substantial heap and database bandwidth,Stream blobs through a bounded response; enforce upload/download size limits and consider external object storage
High,Open,Export heap pressure,Claim PDF generation buffers complete documents,Claim PDFs are fully generated in RAM before being saved/sent.,AutoClaimPdfExporter,PDF output is rendered into ByteArrayOutputStream before persistence or delivery,Concurrent or large PDF generation produces allocation spikes and potential OutOfMemoryError,Stream to temporary files or bounded output; limit concurrent PDF jobs and document size
High,Open,N+1 database access,Overview processing loads all bills separately for each patient,"When preparing an overview, KenyaEMR asks the database separately for each patient's bills.",OverviewRestController,getAllBillsForPatient(patient) is invoked in patient-oriented processing,Database round trips grow with the number of patients in the overview,Bulk-load bills for the relevant patient IDs and group them in memory
Medium,Open,Unbounded reference loading,Controller loads every user for display or selection,Some screens/processes retrieve every user or provider even when only a small number are required.,InsuranceClaimsController,userService.getAllUsers is called for the controller response,Request cost and retained entity count grow with user population,Query only required users and fields; paginate searchable selections
Medium,Open,Unbounded provider loading,Provider paths retrieve every provider,Background claim synchronization can run for a long time while holding database/application resources.,ClaimFormServiceImpl; PullHIEProviderDetailsTask,getAllProviders is used and ClaimFormServiceImpl selects the first provider from the full list,Unnecessary entity loading and scheduler heap use on installations with many providers,Use a targeted provider query and batch provider synchronization
High,Open,Scheduler memory and duration,Claim synchronization requires lifecycle and batch verification,Finding one intervention may require one request followed by several more requests to the external service.,InsuranceClaimsSyncTask; PullHieClaimResponseTask; PullClaimResponsesTask,Tasks manually open and close OpenMRS sessions and perform remote plus database work; one sync path is paged but failure and batch boundaries require validation,Long sessions can retain entities and connections; failures may delay cleanup or repeat large work,Use bounded pages and transactions; flush and clear between batches; always close context in finally; record checkpoints
Medium,Open,Remote-call amplification,Intervention discovery performs one plus N upstream calls on cache miss,"If several users request the same expired information simultaneously, they may all independently ask the external system for it.",InterventionDocTypeCatalog,lookupByInterventionCode fetches sub-benefits and then queries each sub-benefit until a matching intervention is found,High latency and upstream load for patients with many sub-benefits; cache misses can create request storms,Use a bulk upstream endpoint; coalesce concurrent cache misses; add negative-cache and request-rate metrics
Medium,Open,Cache stampede,Concurrent cache misses can issue duplicate upstream requests,,VirtualClaimsRestController; InterventionDocTypeCatalog,ConcurrentHashMap get followed by remote fetch and put is not single-flight,Many simultaneous requests for the same expired key can duplicate expensive external calls,Use cache loader single-flight semantics or per-key futures with timeout and failure cleanup
Medium,Open,Logging overhead,Synchronous System.out logging occurs on hot request and idempotency paths,Normal claim operations print a lot of information directly to the console.,IdempotencyServiceImpl; InsuranceClaimResourceController; integration utilities,"Request IDs, cache outcomes, response sizes, and normal operations are printed directly","Blocking console I/O, noisy logs, and accidental sensitive-data exposure under load",Use structured parameterized logging with appropriate levels and redaction
Medium,Requires runtime validation,Database indexing,Claim finder and state queries require index verification,,InsuranceClaimDaoImpl; VirtualClaimDaoImpl; VirtualClaimBillLineServiceImpl,"Queries filter by UUID, patient, bill, authorization code, upstream IDs, state, voided flags, and dates","Missing composite indexes can cause full scans, sorting, and database CPU or I/O saturation",Capture EXPLAIN ANALYZE plans and slow-query logs using production-scale data; add measured composite indexes
Medium,Open,ORM graph size,Full claim representations include bills and multiple child collections,Some common claim searches may not have the best database shortcuts.,ClaimResource,"Full representation includes bill, interventions, intervention details, invoices, packages, and errors","Pagination alone may still produce large queries, lazy-load N+1 behavior, and large JSON responses","Use purpose-specific DTO projections, cap page size, avoid eager full graphs, and batch-fetch only required relations"
Medium,Open,Database and heap efficiency,InsuranceClaimService visit lookup loads every claim,"Requesting a claim can also bring bills, interventions, invoices, packages, errors and other related information.",InsuranceClaimServiceImpl,getInsuranceClaimByVisitUuid retrieves all claims and filters in Java,Linear query and heap cost for a lookup expected to return one claim,Add a DAO query on visit UUID with voided and authorization-code predicates plus an index
Medium,Bounded but monitor,Static lookup map,Regulator-code map is static,,ClaimsUtils,REGULATOR_CODES_BY_NAME is a fixed initialization-time lookup rather than request-derived data,Key space appears bounded and is not a current memory leak,Make it immutable and confirm no runtime mutation; no urgent performance change required
