Severity,Status,Category,Issues,Explanation,Affected Area,Evidence,Potential Impact,Recommended Remediation,Verification Priority,,,,,
High,Confirmed,Java resource leak,Scheduler sessions are not closed when scoring throws,"When an ML prediction job starts, it opens a working session with KenyaEMR. If the job fails unexpectedly, that session may remain open instead of being cleaned up.",GenerateIITMLPredictionsTask.java:16-20, GenerateRTCMLPredictionsTask.java:16-20,"Each task calls Context.openSession(), runs generation, and calls Context.closeSession() without a finally block.","An unchecked failure can leave an OpenMRS/Hibernate session bound to the scheduler thread, retaining its persistence context and database resources across later executions.",Wrap task execution in try/finally and close only the session opened by the task, add a test that forces generation to throw and asserts cleanup.,P0,,,
High,Confirmed,HTTP resource leak,Remote IIT responses are not closed,"When the ML module sends information to the remote IIT prediction service, some communication channels may remain open after errors.",ModelServiceImpl.java:286-301, MachineLearningRestController.java:491-506,Both paths execute an OkHttp call into a Response local variable without try-with-resources, successful body.string() consumes a body but error and early-return paths do not guarantee Response.close().,"Repeated scoring can strand response bodies/connections, reduce connection-pool availability, and increase native/socket resource use.",Use try (Response response = client.newCall(request).execute()) in every path and avoid returning before the block closes.,P0,,,
High,Confirmed,Database/CPU amplification,IIT local scoring performs seven sequential SQL calls per patient,"To calculate one patient's IIT risk score, the module can make seven separate database calls for visits, pharmacy, demographics, labs, ART, ETL status, CD4, etc.",ModelServiceImpl.java:583-618,"Every local patient score separately executes visits, pharmacy, demographics, lab, ART, last-ETL-update, and CD4 stored procedures; batch generation invokes this in its patient loop at MLDataExchange.java:733-752.",Runtime and database load grow roughly with 7 x patient count, repeated facility-wide runs can saturate the DB and hold scheduler transactions for a long time.,"Bulk-fetch features for a bounded patient batch, cache the facility-wide ETL timestamp once per run, consolidate queries where practical, and measure query plans/latency.",P0,,,,
High,Confirmed,Heap pressure/ORM retention,Facility-wide jobs materialize all Patient entities and process them in one session,Facility-wide prediction jobs can load the whole eligible patient population into memory and process them in one long session.,MLDataExchange.java:725-733, MLDataExchange.java:794-802, MLDataExchange.java:926-932, MLDataExchange.java:1020-1025,"Eligibility queries return full result lists, convert every id to a Patient entity, store all Patients in another list, and then score/save them under one scheduler session; no periodic session flush/clear is present.","Large facilities can retain Patient graphs, scores, query results, and dirty entities until job completion, causing long GC pauses or OutOfMemoryError even without a permanent static leak.","Page only patient IDs, load/process a small chunk in a transaction, flush and clear the Hibernate session between chunks, and discard each page before fetching the next.",P0,,
High,Confirmed,Query amplification,Dashboard summaries use full patient enumeration plus N+1 queries,"To build dashboard summaries, the system first gets the patients and then goes back to the database again and again for each patient.",HibernateMLinKenyaEMRDao.java:169-200, HibernateMLinKenyaEMRDao.java:373-405,Both IIT and RTC summaries first list distinct patients and then call getPatientPrograms plus a latest-risk-score query for each patient.,Dashboard latency and database traffic increase linearly with cohort size and can become thousands of queries per page load.,Replace the loop with one grouped/conditional aggregate query restricted to active HIV patients and each patient's latest score, verify with SQL query-count tests.,P0,,,
High,Confirmed,Heap pressure/over-fetching,DAO loads the entire risk-score table as entities,"Some functions retrieve the complete ML risk-score table, including historical predictions, instead of retrieving only what's needed.",HibernateMLinKenyaEMRDao.java:217-241, HibernateMLinKenyaEMRDao.java:272-273,getAllPatients() calls criteria.list() for every PatientRiskScore and builds a second HashSet, getAllPatientRiskScore() also returns the whole entity table without paging.,"Risk-score history growth directly raises heap use, hydration cost, and GC pressure; callers can accidentally exhaust heap.","Query distinct patient IDs directly with status predicates, add pagination to history APIs, and remove or tightly restrict the unbounded get-all method.",P0,,,
Medium,Confirmed,Java resource leak,PMML ZIP streams are never closed,"When KenyaEMR loads the actual prediction model, some file resources aren't consistently closed afterwards.",HTSMLServiceImpl.java:35-51, IITMLServiceImpl.java:35-51,"Model initialization opens classpath InputStream, BufferedInputStream, and ZipInputStream objects without try-with-resources.","Normally this leaks only during service initialization, but failed or concurrent initialization attempts can accumulate ZIP/file resources and temporary parsing allocations.","Open the classpath stream and ZipInputStream in try-with-resources, validate null resources, and publish the evaluator only after a successful build.",P1,,,,
Medium,Potential,Concurrency/allocation,Evaluator lazy initialization is unsynchronized,"If several requests arrive when the ML model hasn't initialized yet, multiple requests could all try to load the large model simultaneously.",HTSMLServiceImpl.java:27-51 and 72-75, IITMLServiceImpl.java:27-51 and 72-75,The shared evaluator field is neither volatile nor guarded, concurrent first requests can all observe null and build the large PMML model independently.,"Startup traffic can cause duplicate model parsing, transient heap spikes, leaked streams, and unsafe publication of the evaluator.",Initialize through Spring lifecycle/eager singleton construction or use properly synchronized safe publication, load exactly once and fail startup clearly if invalid.,P1,,
Medium,Confirmed,Repeated parsing/allocation,Facility matrix files are read and parsed repeatedly,Some reference/configuration files used by the ML model are repeatedly opened and parsed instead of being loaded once and reused.,MLUtils.java:218-248, MLUtils.java:302-323, MLUtils.java:381-403, MLUtils.java:454-482,"Threshold/profile calls repeatedly open bundled JSON, deserialize the complete array, sometimes stringify it, and parse it again; their InputStreams are not closed.","Every scoring request adds avoidable classpath I/O, full-array allocation, CPU work, and short-lived heap pressure; unclosed streams add a resource-leak risk.","Parse each immutable matrix once at module startup into an MFL-code lookup map, reuse it for profiles and thresholds, and close initialization streams with try-with-resources.",P1,,
Medium,Confirmed,Client/connection churn,A new OkHttpClient is constructed for individual remote scores,"For some remote predictions, the system creates a new communication client every time rather than reusing one.",ModelServiceImpl.java:286, ModelServiceImpl.java:438, MachineLearningRestController.java:491,Remote scoring paths construct new OkHttpClient instances instead of sharing a configured singleton.,"Per-patient batch calls lose effective connection-pool/thread-pool reuse and create excess objects, TLS handshakes, threads, and latency.",Inject one module-scoped OkHttpClient with bounded dispatcher/connection-pool settings and explicit connect/read/call timeouts.,P1,,,
High,Confirmed,Logging/storage amplification,Debug mode is hard-coded on and emits/stores large per-patient details,"The ML module is configured to record large amounts of detailed information for every patient prediction, including full payload information.",ModelServiceImpl.java:72, ModelServiceImpl.java:620-626, ModelServiceImpl.java:1058-1061, ModelServiceImpl.java:1113-1137, MLDataExchange.java:85-86,debugMode is final true, local scoring logs many feature values and payloads and saves the complete payload into PatientRiskScore.,"Facility batches generate heavy synchronous console I/O, large logs, sensitive-data exposure, database growth, larger entity hydration, and higher heap/GC load.","Default debug off, use parameterized logger calls with levels/rate limits, never log full clinical payloads, and store diagnostic payloads only behind a time-limited opt-in with retention cleanup.",P0
Medium,Confirmed,Unbounded input/allocation,HTTP request bodies are accumulated with repeated String concatenation,Incoming information is repeatedly joined together piece by piece in memory without a clear size limit.,MLUtils.java:55-66, MachineLearningRestController.java:235 and 393 and 3098,fetchRequestBody reads until EOF and repeatedly appends each line to an immutable String without enforcing a maximum body size.,Large requests cause quadratic copying and can create a request-scoped memory-exhaustion/GC hotspot.,Use a size-limited StringBuilder or framework JSON binding and configure an application/server request-size limit.,P1,,,,
Medium,Confirmed,Query correctness/performance,Date-bounded DAO method ignores both date arguments,"One function asks for risk scores between certain dates, but the code ignores the dates and retrieves all historical scores for that patient.",HibernateMLinKenyaEMRDao.java:262-264,"getPatientRiskScoreByPatient(patient, onOrBefore, onOrAfter) applies only the patient restriction and returns every historical score.","Callers expecting a bounded window receive and hydrate excessive history as the table grows, increasing response time and memory use.","Add evaluationDate <= onOrBefore and >= onOrAfter restrictions when supplied, order deliberately, and test boundary behavior.",P1,,,,,
Medium,Confirmed,Network blocking,URLConnection calls have no explicit connect/read timeouts,Some communication with OAuth/DWH services doesn't have a clear “stop waiting after X seconds” rule.,MLDataExchange.java:192-203, MLDataExchange.java:242-250, MLDataExchange.java:306-310,OAuth and DWH requests open HttpsURLConnection instances but do not configure connectTimeout or readTimeout.,"A stalled remote service can pin the scheduler/request thread and its OpenMRS session, transaction, and object graph indefinitely.","Set finite connect/read timeouts from validated configuration, add bounded retries with backoff, and expose timeout/failure metrics.",P1,,,
Medium,Potential,Database query scalability,Eligibility SQL uses broad aggregation and NOT IN subqueries,Finding which patients qualify for prediction involves large joins and filtering across ETL tables.,MLDataExchange.java:900-926, MLDataExchange.java:954-1020,The full-facility eligibility statements join and aggregate multiple ETL tables and use patient_id NOT IN subqueries before materializing all results.,"On large ETL tables or missing indexes these queries can scan/sort substantial data, create temporary tables, and delay every batch run.",Capture EXPLAIN ANALYZE on representative production-sized data, prefer NOT EXISTS/anti-join where plans improve and ensure indexes cover patient_id plus visit/evaluation dates.,P2,,,
