Edge ID,Module,Scenario,Precondition,Steps,Expected Result,Priority,Execution Safety,Related Workbook Area,Automation State
EDGE-001,Login,Whitespace and case handling for username,Dedicated QA account exists,"Enter the username with leading/trailing spaces and with changed letter case; submit separately","Normalization or rejection is consistent with the approved username policy; no unintended account is authenticated",High,Read-only login attempt; rate-limit review,01_Login,Proposed - not automated
EDGE-002,Login,Expired session while opening a protected route,QA session can be expired without affecting other users,"Expire the audit session; open a protected deep link; retry after login","Protected content is not shown before re-authentication; intended destination is restored only after authorization",Critical,Read-only; dedicated QA account,01_Login and 15_System,Proposed - not automated
EDGE-003,Login,Logout in one tab invalidates another tab,Two tabs share the same QA browser session,"Open dashboard in two tabs; log out in one; refresh protected view in the other","Second tab cannot continue accessing protected data with the terminated session",Critical,Read-only session state,01_Login and 15_System,Proposed - not automated
EDGE-004,Dashboard,Rapid date-filter changes do not show stale metrics,Dashboard has seeded non-sensitive data,"Change date range twice before the first request completes; inspect final metrics","Only the latest selected date range is reflected; old responses cannot overwrite newer results",High,Sensitive read-only fixture,02_Dashboard,Proposed - not automated
EDGE-005,Dashboard,No-data and partial API failure state,Seeded empty interval and controlled mock failure available,"Open an empty interval; then simulate failure of one non-critical dashboard API","Empty and error states are explicit; other widgets remain usable; no misleading zero is shown for failed data",High,Read-only with isolated response mock,02_Dashboard,Proposed - not automated
EDGE-006,Dashboard,Back-forward navigation does not retain listeners,QA login and empty registration route available,"Navigate dashboard to registration and back ten times; force GC at each dashboard checkpoint","DOM nodes, event listeners, and retained heap plateau after warm-up",High,Read-only performance regression,02_Dashboard and 03_Registration,Proposed - not automated
EDGE-007,Registration,Two simultaneous submissions with one identifier,Two isolated synthetic registrations use the same test identifier,"Submit both registration attempts concurrently","At most one patient is created; duplicate is reported clearly; no partial orphan record remains",Critical,Synthetic patient write; approval and cleanup,03_Registration,Proposed - not automated
EDGE-008,Registration,OTP expiry and replay resistance,Dedicated synthetic identity and OTP test channel available,"Request OTP; let it expire; attempt expired code; request new code; replay old code","Expired/replayed codes are rejected according to policy and attempts are auditable",Critical,External OTP side effect; dedicated channel approval,03_Registration,Proposed - not automated
EDGE-009,Registration,Save timeout followed by retry is idempotent,Synthetic patient fixture and controlled response delay available,"Submit once while response is delayed; retry after timeout","One patient/visit is created; UI identifies whether the first submission succeeded",Critical,Synthetic patient write; approval and cleanup,03_Registration,Proposed - not automated
EDGE-010,Registration,Date-of-birth leap-day and future-date boundary,Unsaved synthetic registration form,"Enter leap-day dates around non-leap years and a future DOB; inspect validation","Accepted dates and age calculation match approved policy; future dates are blocked",High,Local form validation; do not save,03_Registration,Proposed - not automated
EDGE-011,Triage,Two operators call the same queued patient,Two permitted QA operator accounts and synthetic queued patient available,"Attempt to call the same queued patient concurrently","Queue state remains consistent; only one active call transition is recorded",High,Synthetic workflow write; approval and cleanup,04_Triage,Proposed - not automated
EDGE-012,Triage,Invalid vital value does not silently save,Synthetic unsaved triage form available,"Enter non-numeric and policy-out-of-range values; attempt save","Validation cites the affected field; no invalid observation is persisted",Critical,Synthetic clinical write; clinical policy review,04_Triage,Proposed - not automated
EDGE-013,Consultation,Unsaved note on patient or tab switch,Synthetic consultation form with unsaved text available,"Enter a note; switch tab or patient before save","User is warned or draft is recovered according to policy; text is never attached to the wrong patient",Critical,Synthetic clinical data; approval,05_Consultation,Proposed - not automated
EDGE-014,Consultation,Double-submit of a clinical order,Synthetic active visit available,"Submit the same order twice rapidly or retry after a delayed response","One intended order is persisted and duplicate action is prevented or reconciled",Critical,Synthetic clinical write; approval and cleanup,05_Consultation,Proposed - not automated
EDGE-015,Patient Chart,Unauthorized direct patient URL,Read-only low-privilege account and synthetic chart available,"Open a chart URL directly without search; then switch roles","Unauthorized chart content and API payloads are not exposed",Critical,Sensitive read-only fixture; role approval,06_Patient_Chart,Proposed - not automated
EDGE-016,Patient Chart,Rapid patient switching does not mix data,Two de-identified synthetic charts available,"Open chart A; immediately navigate to chart B before requests settle","All displayed demographics and panels belong to B; stale A requests cannot populate B",Critical,Sensitive read-only fixture,06_Patient_Chart,Proposed - not automated
EDGE-017,Laboratory,Retry of lab order after ambiguous timeout,Synthetic visit and mock delay available,"Submit lab order; delay response; retry after timeout","At most one order is created or duplicates are explicitly reconciled",Critical,Synthetic clinical write; approval and cleanup,07_Laboratory,Proposed - not automated
EDGE-018,Laboratory,Sample identifier collision handling,Two synthetic samples and controlled identifier fixture available,"Create samples while forcing an identifier collision in isolated QA","Identifier uniqueness is maintained; collision produces a recoverable error",High,Synthetic lab write; approval and cleanup,07_Laboratory,Proposed - not automated
EDGE-019,Pharmacy,Concurrent dispense with limited stock,Two synthetic prescriptions and a small isolated stock fixture available,"Two operators attempt to dispense the remaining stock concurrently","Final stock cannot be negative; dispensing is serialized or one attempt is rejected",Critical,Synthetic dispensing write; approval and stock cleanup,08_Pharmacy,Proposed - not automated
EDGE-020,Pharmacy,Partial dispense remainder is consistent,Synthetic prescription and stock fixture available,"Dispense a partial quantity; reopen the prescription","Remaining quantity and stock match the persisted transaction; no double counting",High,Synthetic dispensing write; approval and cleanup,08_Pharmacy,Proposed - not automated
EDGE-021,Admissions,Concurrent allocation of one available bed,One isolated synthetic bed and two synthetic patients available,"Two operators allocate the same bed simultaneously","Only one active admission owns the bed; the other receives a clear conflict",Critical,Synthetic admission write; approval and cleanup,09_Admissions,Proposed - not automated
EDGE-022,MCH,Missing or boundary age data in growth chart,Synthetic child record with approved reference data available,"Open growth chart with missing DOB and around approved age-band boundaries","Chart does not invent an age or percentile; band selection matches approved clinical reference",High,Sensitive clinical fixture; threshold review,10_MCH,Proposed - not automated
EDGE-023,Imaging,Unsupported or oversized upload is blocked,Isolated synthetic imaging order and harmless test files available,"Select unsupported type and file above configured size limit before upload","Client and server reject unsupported input; no partial attachment is exposed",High,Synthetic upload write; approval and cleanup,11_Imaging,Proposed - not automated
EDGE-024,Procedures,Missing or expired consent,Isolated synthetic procedure case available,"Attempt scheduling or completion without valid consent","Workflow blocks or escalates according to approved consent policy and records a clear reason",Critical,Synthetic clinical write; consent policy review,12_Procedures,Proposed - not automated
EDGE-025,Billing,Rounding across items and partial payment,Isolated synthetic invoice with approved currency rules available,"Create multiple fractional-price items; apply a partial payment; inspect totals","Line totals, tax, paid amount, and balance reconcile to approved rounding policy",Critical,Synthetic financial write; approval and cleanup,13_Billing,Proposed - not automated
EDGE-026,Billing,Payment retry cannot double-charge,Payment sandbox and isolated invoice available,"Delay payment response; retry same payment intent","At most one payment is posted; status is reconciled without double charge",Critical,Financial write; payment sandbox approval,13_Billing,Proposed - not automated
EDGE-027,Reports,Timezone and inclusive date boundaries,De-identified records near local midnight available,"Generate report for adjacent date ranges crossing Africa/Nairobi midnight","Each record appears in the correct period exactly once according to report date semantics",High,Sensitive read-only fixture,14_Reports and 17_EHR_Reports,Proposed - not automated
EDGE-028,Reports,Empty export and role-restricted fields,Empty seeded interval and low-privilege account available,"Export an empty report; repeat under restricted role","Empty export is explicit; restricted columns and patient identifiers are not leaked",Critical,Sensitive export; role approval,14_Reports and 17_EHR_Reports,Proposed - not automated
EDGE-029,System,Role revocation takes effect in active session,Two synthetic accounts with managed roles available,"Revoke one role while account is signed in; attempt protected route and action","New authorization is enforced within approved propagation time; cached UI/API do not grant access",Critical,Synthetic account-role write; admin approval and cleanup,15_System,Proposed - not automated
EDGE-030,Partograph,Out-of-order and duplicate observation times,Synthetic labor case and approved time rules available,"Enter observations with duplicate and decreasing times; inspect graph before save","Invalid chronology is rejected or reconciled per clinical policy; graph remains traceable",Critical,Synthetic clinical write; clinical policy review,16_Partograph,Proposed - not automated
EDGE-031,Partograph,Exact threshold values versus one unit beyond,Synthetic labor case and signed-off clinical thresholds available,"Test each approved threshold exactly and one allowed unit on either side","Alert and color classifications match the signed-off clinical rules, including inclusive/exclusive boundaries",Critical,Synthetic clinical write; clinical policy review,16_Partograph,Proposed - not automated
EDGE-032,HIV Reports,Small-cell confidentiality and role restrictions,De-identified HIV report fixture and restricted role available,"Generate aggregate report with a small cell; export under different roles","Suppression and export permissions follow approved confidentiality policy; no identifying data is disclosed",Critical,Sensitive read-only export; privacy policy review,18_HIV_Reports,Proposed - not automated
