Run Date,Environment,Cycle,Nodes,Node Delta,JSEventListeners,Listener Delta,JSHeapUsedSize Bytes,Heap Delta Bytes
2026-09-15,UAT,1,1506,,5732,,26082044,
2026-09-15,UAT,2,1774,268,5971,239,26829892,747848
2026-09-15,UAT,3,2042,268,6210,239,24104836,-2725056
2026-09-15,UAT,4,2310,268,6449,239,24406276,301440
2026-09-15,UAT,5,2578,268,6712,263,24835672,429396
2026-09-15,UAT,6,2846,268,6951,239,25084740,249068
2026-09-15,UAT,7,3114,268,7178,227,25266920,182180
2026-09-15,UAT,8,3382,268,7405,227,25513728,246808
2026-09-15,UAT,9,3650,268,7644,239,25742672,228944
2026-09-15,UAT,10,3918,268,7871,227,25895244,152572
